{
    "submitHabit":"ثبت عادت",
    "addHabit":"عادت جدید",
    "explaination":"",
    "name":"نام",
    "description":"توضیحات",
    "score":"امتیاز",
    "notifActive":"فعال بودن اعلان",
    "recurrenceSeconds":"بازه زمانی نمایش اعلان ( بر حسب ): ",
    "durationSeconds":"مدت زمان انجام (ثانیه)",
    "notifBody":"متن اعلان",
    "second":"ثانیه",
    "minute":"دقیقه",
    "hour":"ساعت",
    "day":"روز",
        "habits":"لیست عادت‌ها"


}