{
    "signin": "ورود / ثبت نام",
    "email" : "ایمیل",
    "or":"یا",
    "signInWithGit":" ورود با گیتهاب",
    "hello":"سلام",
    "welcome":"به دوست خوش اومدی برای وارد شدن یا ثبت نام، کافیه ایمیلتو وارد کنی البته به راحتی می‌تونی با اکانت گیتهابت ادامه بدی!",
    "thanks":"ممنون که دوست رو انتخاب کردی ",
    "emailSentSuccess": "دوست عزیز! ایمیل شما با موفقیت ثبت شد؛ لطفا ایمیلت رو برای کد تایید چک کن.",
    "otp":"کد تایید",
    "sentOtp":"ارسال کد تایید",
    "otpText":"لطفا کد تاییدی که به ایمیلت ارسال کردیم رو وارد کن تا اکانتت ساخته بشه!",
    "otpSentSuccess":"ایمیل شما با موفقیت تایید شد. تا لحظاتی دیگر به داشبورد هدایت می‌شوید."
}