{
    "toDoList": "چک لیست امور",
    "googleSearch": "جستجو در گوگل...",
    "reminderList": "یادآورهای امروز",
    "addTask": "تسک جدید",
    "addReminder": "یادآور جدید",
    "title": "عنوان",
    "description": "توضیحات",
    "deadline": "مهلت انجام",
    "submit":"ثبت",
    "name":"نام",
    "notifBody":"متن اعلان",
    "dashboard":"پیشخوان",
    "exercise":"تمرینات کششی",
    "logout":"خروج",
    "notifText":"سلام! وقت انجام این عادت رسیده لطفا بعد از انجامش روی دکمه «انجام دادم» کلیک کن.",
    "IDid":"انجام دادم!",
    "IDidNot":"ولش کن"
}