{
    "habits": "عادت‌ها",
    "workTime": "ساعت کاری",
    "moods": "حال و احوال",
    "dailyHabitText": "توی روزهای هفته اخیر چقدر به اهدافت پایبند بودی؟",
    "weeklyHabitText": "توی پنج هفته اخیر چقدر به اهدافت پایبند بودی؟",
    "weeklyWorkTimeText": "توی پنج هفته اخیر چند ساعت کار کردی؟",
    "dailyWorkTimeText": "توی روزهای هفته اخیر چند ساعت کار کردی؟",
    "thrilled": "هیجان‌زده",
    "happy": "خوشحال",
    "neutral": "خنثی",
    "sad": "ناراحت",
    "verySad": "افسرده"
}